# 创建和管理表





## 基础知识



### 1. 一条数据存储的过程

- 在 MySQL 中， 一个完整的数据存储过程总共有 4 步，分别是创建数据库、确认字段、创建数据表、插入数据。
- MySQL 数据库系统从大到小依次是 数据库服务器 、 数据库 、 数据表 、数 据表的 行与列 。

### 2.  标识符命名规则

- 数据库名、表名不得超过30个字符，变量名限制为29个 
- 必须只能包含 A–Z, a–z, 0–9, _共63个字符 
- 数据库名、表名、字段名等对象名中间不要包含空格
- 同一个MySQL软件中，数据库不能同名；同一个库中，表不能重名；同一个表中，字段不能重名 
- 必须保证你的字段没有和保留字、数据库系统或常用方法冲突。如果坚持使用，请在SQL语句中使 用`（着重号）引起来 
- 保持字段名和类型的一致性：在命名字段并为其指定数据类型的时候一定要保证一致性，假如数据 类型在一个表里是整数，那在另一个表里可就别变成字符型了

### 3. MySQL中的数据类型

| 类型             | 含                                                           |
| ---------------- | ------------------------------------------------------------ |
| 整数类型         | TINYINT、SMALLINT、MEDIUMINT、**INT(或INTEGER)**、BIGINT     |
| 浮点类型         | FLOAT、DOUBLE                                                |
| 定点数类型       | **DECIMAL**                                                  |
| 位类型           | BIT                                                          |
| 日期时间类型     | YEAR、TIME、**DATE**、DATETIME、TIMESTAM                     |
| 文本字符串类型   | CHAR、**VARCHAR**、TINYTEXT、TEXT、MEDIUMTEXT、LONGTEXT      |
| 枚举类型         | ENUM                                                         |
| 集合类型         | SET                                                          |
| 二进制字符串类型 | BINARY、VARBINARY、TINYBLOB、BLOB、MEDIUMBLOB、LONGBLOB      |
| JSON类型         | JSON对象、JSON数组                                           |
| 空间数据类型     | 单值：GEOMETRY、POINT、LINESTRING、POLYGON； 集合：MULTIPOINT、MULTILINESTRING、MULTIPOLYGON、 GEOMETRYCOLLECTION |

其中，常用的几类类型介绍如下：

| 数据类型      | 描述                                                         |
| ------------- | ------------------------------------------------------------ |
| INT           | 从-2^31到2^31-1的整型数据。存储大小为 4个字节                |
| CHAR(size)    | 定长字符数据。若未指定，默认为1个字符，最大长度255           |
| VARCHAR(size) | 可变长字符数据，根据字符串实际长度保存，**必须指定长度**     |
| FLOAT(M,D)    | 单精度，占用4个字节，M=整数位+小数位，D=小数位。 D<=M<=255,0<=D<=30， 默认M+D<=6 |
| DOUBLE(M,D)   | 双精度，占用8个字节，D<=M<=255,0<=D<=30，默认M+D<=15         |
| DECIMAL(M,D)  | 高精度小数，占用M+2个字节，D<=M<=65，0<=D<=30，最大取值范围与DOUBLE 相同。 |
| DATE          | 日期型数据，格式'YYYY-MM-DD'                                 |
| BLOB          | 二进制形式的长文本数据，最大可达4G                           |
| TEXT          | 长文本数据，最大可达4G                                       |







##  创建和管理数据库



### 1. 创建数据库

```sql
#方式1：创建数据库(使用的是此数据库默认的字符集)
CREATE DATABASE 数据库名;

#方式2：创建数据库并指定字符集
CREATE DATABASE 数据库名 CHARACTER SET 字符集;

#方式3：判断数据库是否已经存在，不存在则创建数据库（ 推荐 ）
CREATE DATABASE IF NOT EXISTS 数据库名;
```

注意：DATABASE 不能改名。一些可视化工具可以改名，它是建新库，把所有表复制到新库，再删旧库完成的。



### 2. 使用数据库

- 查看当前所有的数据库

```sql
SHOW DATABASES; #有一个S，代表多个数据库
```

- 查看当前正在使用的数据库

```sql
SELECT DATABASE(); #使用的一个 mysql 中的全局函数
```

- 查看指定库下所有的表

```sql
SHOW TABLES FROM 数据库名;
```

- 查看数据库的创建信息

```sql
SHOW CREATE DATABASE 数据库名;
或者：
SHOW CREATE DATABASE 数据库名\G
```

- 使用/切换数据库

```sql
USE 数据库名;
```

注意：要操作表格和数据之前必须先说明是对哪个数据库进行操作，否则就要对所有对象加上“数据库名. ”。



### 3. 修改数据库

- 更改数据库字符集

```sql
ALTER DATABASE 数据库名 CHARACTER SET 字符集; #比如：gbk、utf8等
```

- 方式1：删除指定的数据库

```sql
DROP DATABASE 数据库名;
```

- 方式2：删除指定的数据库（ 推荐 ）

```sql
DROP DATABASE IF EXISTS 数据库名;
```







## 创建表



### 创建方式1 (从无到有)

- **必须具备：**
  - CREATE TABLE权限
  - 存储空间
- **语法格式：**

```sql
CREATE TABLE [IF NOT EXISTS] 表名(
字段1, 数据类型 [约束条件] [默认值],
字段2, 数据类型 [约束条件] [默认值],
字段3, 数据类型 [约束条件] [默认值],
……
[表约束条件]
);
```

[^加上了IF NOT EXISTS关键字，则表示：如果当前数据库中不存在要创建的数据表，则创建数据表；]: 

- **必须指定：**
  - 表名
  - 列名(或字段名)，数据类型，**长度**
- **可选指定：**
  - 约束条件
  - 默认值

example:

```sql
-- 创建表
CREATE TABLE emp (
-- int类型
emp_id INT,
-- 最多保存20个中英文字符
emp_name VARCHAR(20),
-- 总位数不超过15位
salary DOUBLE,
-- 日期类型
birthday DATE
);

CREATE TABLE dept(
-- int类型，自增
deptno INT(2) AUTO_INCREMENT,
dname VARCHAR(14),
loc VARCHAR(13),
-- 主键
PRIMARY KEY (deptno)
);
```

- 查看表结构

```sql
DESC emp;
```

- 查看创建表的语句结构

```sql
SHOW CREATE TABLE emp;
```

- 查看表数据

```sql
SELECT * FROM emp;
```



### 创建方式2 (基于现有表创建)

- 使用 AS subquery 选项，将创建表和插入数据结合起来（**CREATE TABLE 表名 AS SELECT ...**）
- 指定的列和子查询中的列要一一对应
- 通过列名和默认值定义列（如有别名，**列名使用查询中的别名**）

- 基于现有的表，同时导入数据

```sql
CREATE TABLE myemp2 AS SELECT
	employee_id,
	last_name,
	salary
FROM
	employees;
```

```sql
CREATE TABLE dept80 AS SELECT
	employee_id,
	last_name,
	salary * 12 ANNSAL,
	hire_date
FROM
	employees
WHERE
	department_id = 80;

SELECT * FROM dept80;
/*
+-------------+------------+-----------+------------+
| employee_id | last_name  | ANNSAL    | hire_date  |
+-------------+------------+-----------+------------+
|         145 | Russell    | 168000.00 | 1996-10-01 |
|         146 | Partners   | 162000.00 | 1997-01-05 |
|         147 | Errazuriz  | 144000.00 | 1997-03-10 |
|         148 | Cambrault  | 132000.00 | 1999-10-15 |
|         149 | Zlotkey    | 126000.00 | 2000-01-29 |
|         150 | Tucker     | 120000.00 | 1997-01-30 |
|         151 | Bernstein  | 114000.00 | 1997-03-24 |
|         152 | Hall       | 108000.00 | 1997-08-20 |
|         153 | Olsen      |  96000.00 | 1998-03-30 |
|         154 | Cambrault  |  90000.00 | 1998-12-09 |
|         155 | Tuvault    |  84000.00 | 1999-11-23 |
|         156 | King       | 120000.00 | 1996-01-30 |
|         157 | Sully      | 114000.00 | 1996-03-04 |
|         158 | McEwen     | 108000.00 | 1996-08-01 |
|         159 | Smith      |  96000.00 | 1997-03-10 |
|         160 | Doran      |  90000.00 | 1997-12-15 |
|         161 | Sewall     |  84000.00 | 1998-11-03 |
|         162 | Vishney    | 126000.00 | 1997-11-11 |
|         163 | Greene     | 114000.00 | 1999-03-19 |
|         164 | Marvins    |  86400.00 | 2000-01-24 |
|         165 | Lee        |  81600.00 | 2000-02-23 |
|         166 | Ande       |  76800.00 | 2000-03-24 |
|         167 | Banda      |  74400.00 | 2000-04-21 |
|         168 | Ozer       | 138000.00 | 1997-03-11 |
|         169 | Bloom      | 120000.00 | 1998-03-23 |
|         170 | Fox        | 115200.00 | 1998-01-24 |
|         171 | Smith      |  88800.00 | 1999-02-23 |
|         172 | Bates      |  87600.00 | 1999-03-24 |
|         173 | Kumar      |  73200.00 | 2000-04-21 |
|         174 | Abel       | 132000.00 | 1996-05-11 |
|         175 | Hutton     | 105600.00 | 1997-03-19 |
|         176 | Taylor     | 103200.00 | 1998-03-24 |
|         177 | Livingston | 100800.00 | 1998-04-23 |
|         179 | Johnson    |  74400.00 | 2000-01-04 |
+-------------+------------+-----------+------------+
34 rows in set
*/
```



### 查看表的结构

```sql
SHOW CREATE TABLE 表名\G
```







##  修改表

- 修改表指的是修改数据库中已经存在的数据表的结构。

- 使用 ALTER TABLE 语句可以实现： 
  - 向已有的表中添加列
  - 修改现有表中的列 
  - 删除现有表中的列 
  - 重命名现有表中的列



### 1. 增加一个字段

- 语法格式如下：

```sql
ALTER TABLE 表名 ADD 【COLUMN】 字段名 字段类型 【FIRST|AFTER 字段名】;
```

example：

```sql
#在myemp1表添加一个salary字段，类型为double（整数位10位，小数位2位）
ALTER TABLE myemp1 ADD salary DOUBLE (10, 2);

#在myemp1表添加一个salary字段，类型为double（整数位10位，小数位2位）
ALTER TABLE myemp1 ADD salary DOUBLE (10, 2);

DESC myemp1;
/*
+--------------+--------------+------+-----+---------+-------+
| Field        | Type         | Null | Key | Default | Extra |
+--------------+--------------+------+-----+---------+-------+
| phone_number | varchar(20)  | YES  |     | NULL    |       |
| id           | int          | YES  |     | NULL    |       |
| emp_name     | varchar(15)  | YES  |     | NULL    |       |
| hire_data    | date         | YES  |     | NULL    |       |
| salary       | double(10,2) | YES  |     | NULL    |       |
+--------------+--------------+------+-----+---------+-------+
*/
```



### 2. 修改一个字段

- 数据类型、长度、默认值（略）

- 语法格式如下：

```sql
ALTER TABLE 表名 MODIFY 【COLUMN】 字段名1 字段类型 【DEFAULT 默认值】【FIRST|AFTER 字段名 2】;
```

example:

```sql
ALTER TABLE myemp1
MODIFY emp_name VARCHAR(35);

DESC myemp1;
/*
+--------------+--------------+------+-----+---------+-------+
| Field        | Type         | Null | Key | Default | Extra |
+--------------+--------------+------+-----+---------+-------+
| phone_number | varchar(20)  | YES  |     | NULL    |       |
| id           | int          | YES  |     | NULL    |       |
| emp_name     | varchar(35)  | YES  |     | NULL    |       |
| hire_data    | date         | YES  |     | NULL    |       |
| salary       | double(10,2) | YES  |     | NULL    |       |
+--------------+--------------+------+-----+---------+-------+
*/
```



### 3. 重命名一个字段

- 使用 CHANGE old_column new_column dataType子句重命名列。语法格式如下：

```sql
ALTER TABLE 表名 CHANGE 【column】 列名 新列名 新数据类型;
```

example:

```sql
ALTER TABLE myemp1
CHANGE salary monthly_salary DOUBLE(10,2);

DESC myemp1;
/*
+----------------+--------------+------+-----+---------+-------+
| Field          | Type         | Null | Key | Default | Extra |
+----------------+--------------+------+-----+---------+-------+
| phone_number   | varchar(20)  | YES  |     | NULL    |       |
| id             | int          | YES  |     | NULL    |       |
| emp_name       | varchar(35)  | YES  |     | NULL    |       |
| hire_data      | date         | YES  |     | NULL    |       |
| monthly_salary | double(10,2) | YES  |     | NULL    |       |
+----------------+--------------+------+-----+---------+-------+
*/
```



### 4. 删除一个字段

- 删除表中某个字段的语法格式如下：

```sql
ALTER TABLE 表名 DROP 【COLUMN】字段名
```

example:

```sql
ALTER TABLE myemp1
DROP COLUMN monthly_salary;
```



### 5. 重命名表

- 方式一：使用RENAME

```sql
RENAME TABLE myemp1
TO myemp2;
```

- 方式2:

```sql
ALTER TABLE myemp2
RENAME TO myemp3; -- [TO]可以省略
```



### 6. 删除表

- 在MySQL中，当一张数据表 没有与其他任何数据表形成关联关系时，可以将当前数据表直接删除。 
- 数据和结构都被删除 
- 所有正在运行的相关事务被提交 
- 所有相关索引被删除 
- **无法撤销**
- 语法格式：

```sql
DROP TABLE [IF EXISTS] 数据表1 [, 数据表2, …, 数据表n];
```

example:

```sql
DROP TABLE IF EXISTS myemp3;
```



### 7.  清空表

- TRUNCATE TABLE语句：
  - 删除表中所有的数据 
  - 释放表的存储空间
  - 清空表中所有数据，但是表结构存在

example:

```sql
TRUNCATE TABLE dept;
```

- TRUNCATE语句不能回滚，而**使用 DELETE 语句删除数据，可以回滚（强烈建议使用DELETE）**

```sql
DELETE FROM emp2;
#TRUNCATE TABLE emp2;

SELECT * FROM emp2;

ROLLBACK;

SELECT * FROM emp2;
```

- TRUNCATE TABLE 比 DELETE 速度快，且使用的系统和事务日志资源少，但 **TRUNCATE 无事务且不触发 TRIGGER，有可能造成事故，故不建议在开发代码中使用此语句**。 说明：TRUNCATE TABLE 在功能上与不带 WHERE 子句的 DELETE 语句相同。

- COMMIT 和ROLLBACK

```sql
#7. DCL 中 COMMIT 和 ROLLBACK
# COMMIT:提交数据。一旦执行COMMIT，则数据就被永久的保存在了数据库中，意味着数据不可以回滚。
# ROLLBACK:回滚数据。一旦执行ROLLBACK,则可以实现数据的回滚。回滚到最近的一次COMMIT之后。

#8. 对比 TRUNCATE TABLE 和 DELETE FROM 
# 相同点：都可以实现对表中所有数据的删除，同时保留表结构。
# 不同点：
#	TRUNCATE TABLE：一旦执行此操作，表数据全部清除。同时，数据是不可以回滚的。
#	DELETE FROM：一旦执行此操作，表数据可以全部清除（不带WHERE）。同时，数据是可以实现回滚的。

/*
9. DDL 和 DML 的说明
  ① DDL的操作一旦执行，就不可回滚。指令SET autocommit = FALSE对DDL操作失效。(因为在执行完DDL
    操作之后，一定会执行一次COMMIT。而此COMMIT操作不受SET autocommit = FALSE影响的。)
  
  ② DML的操作默认情况，一旦执行，也是不可回滚的。但是，如果在执行DML之前，执行了 
    SET autocommit = FALSE，则执行的DML操作就可以实现回滚。
*/
```

### 8. 内容拓展 

#### 拓展1：

- 【 强制 】表名、字段名必须使用小写字母或数字，禁止出现数字开头，禁止两个下划线中间只出 现数字。数据库字段名的修改代价很大，因为无法进行预发布，所以字段名称需要慎重考虑。
  - 正例：aliyun_admin，rdc_config，level3_name
  - 反例：AliyunAdmin，rdcConfig，level_3_name
- 【 强制 】禁用保留字，如 desc、range、match、delayed 等，请参考 MySQL 官方保留字。
- 【 强制 】表必备三字段：id, gmt_create, gmt_modified。
  - 说明：其中 id 必为主键，类型为BIGINT UNSIGNED、单表时自增、步长为 1。gmt_create, gmt_modified 的类型均为 DATETIME 类型，前者现在时表示主动式创建，后者过去分词表示被 动式更新
- 【 推荐 】表的命名最好是遵循 “业务名称_表的作用”。
  - 正例：alipay_task 、 force_project、 trade_config
- 【 推荐 】库名与应用名称尽量一致。
- 【参考】合适的字符存储长度，不但节约数据库表空间、节约索引存储，更重要的是提升检索速 度。

#### 拓展2：

- 在MySQL 8.0版本中，InnoDB表的DDL支持事务完整性，即 DDL操作要么成功要么回滚 。DDL操作回滚日志 写入到data dictionary数据字典表mysql.innodb_ddl_log（该表是隐藏的表，通过show tables无法看到） 中，用于回滚操作。通过设置参数，可将DDL操作日志打印输出到MySQL错误日志中。

- 即5.7 删除报错，结果会删除表， 但8.0不会删除表，回滚到删除前。







# 数据处理之增删改



## 添加数据

- 方式1：一条一条地加

  - 没有指明添加的字段（**VALUE参数顺序必须与字段顺序一致**）

  ```sql
  DESC emp;
  +----------+-------------+------+-----+---------+-------+
  | Field    | Type        | Null | Key | Default | Extra |
  +----------+-------------+------+-----+---------+-------+
  | emp_id   | int         | YES  |     | NULL    |       |
  | emp_name | varchar(20) | YES  |     | NULL    |       |
  | salary   | double      | YES  |     | NULL    |       |
  | birthday | date        | YES  |     | NULL    |       |
  +----------+-------------+------+-----+---------+-------+
  
  DESC INSERT INTO emp
  VALUES (1,'Tom',11200,'2000-12-21');
  
  /*
  +--------+----------+--------+------------+
  | emp_id | emp_name | salary | birthday   |
  +--------+----------+--------+------------+
  |      1 | Tom      |  11200 | 2000-12-21 |
  +--------+----------+--------+------------+
  */
  ```

  - 【推荐】指明添加的字段**（没有进行赋值的字段值为NULL， 如果该字段不允许NULL，则报错）**

  ```sql
  INSERT INTO emp(emp_id, salary, emp_name, birthday)
  VALUES (2,11200,'jerry','2000-12-21');
  
  INSERT INTO emp(emp_id, salary, emp_name)
  VALUES (3,11200,'joker');
  
  SELECT * FROM emp;
  /*
  +--------+----------+--------+------------+
  | emp_id | emp_name | salary | birthday   |
  +--------+----------+--------+------------+
  |      1 | Tom      |  11200 | 2000-12-21 |
  |      2 | jerry    |  11200 | 2000-12-21 |
  |      3 | joker    |  11200 | NULL       |
  +--------+----------+--------+------------+
  */
  ```

  - 【推荐】使用指明字段同时添加多条数据

  ```sql
  INSERT INTO emp (
  	emp_id,
  	salary,
  	emp_name,
  	birthday
  )
  VALUES
  	(4, 11200, 'bob', '2000-12-21'),
  	(5, 12345, 'ashe', '2000-1-1');
  ```

  

- 方式2：将查询结果插入到的表中**(查询的字段一定要与添加到的表的字段一一对应)**

  - 被添加表中添加数据的字段，不低于查询表的字段长度， 否则会有失败的风险

```sql
INSERT INTO emp1(id, emp_name, salary, hire_date)
SELECT employee_id, last_name, salary, hire_date
FROM employees
WHERE department_id IN (70,60);
```



注意：

- **VALUES** 也可以写成  **VALUE** , 但是 **VALUES** 是标准写法。
- 字符和日期数据应该包含在**单引号**中。





## 更新数据

- 数据结构

```sql
UPDATE ... SET ... WHERE ...
```

```sql
UPDATE emp1
SET hire_date = CURDATE()
WHERE
	id = 105;
	
SELECT * FROM emp1;
/*
+-----+-----------+--------+------------+
| id  | emp_name  | salary | hire_date  |
+-----+-----------+--------+------------+
| 204 | Baer      |  10000 | 1994-06-07 |
| 103 | Hunold    |   9000 | 1990-01-03 |
| 104 | Ernst     |   6000 | 1991-05-21 |
| 105 | Austin    |   4800 | 2022-11-18 |
| 106 | Pataballa |   4800 | 1998-02-05 |
| 107 | Lorentz   |   4200 | 1999-02-07 |
| 204 | Baer      |  10000 | 1994-06-07 |
+-----+-----------+--------+------------+
*/
```

- 可实现批量修改

```sql
#全部修改
UPDATE emp1
SET hire_date = CURDATE();
	
SELECT * FROM emp1;
/*
+-----+-----------+--------+------------+
| id  | emp_name  | salary | hire_date  |
+-----+-----------+--------+------------+
| 204 | Baer      |  10000 | 2022-11-18 |
| 103 | Hunold    |   9000 | 2022-11-18 |
| 104 | Ernst     |   6000 | 2022-11-18 |
| 105 | Austin    |   4800 | 2022-11-18 |
| 106 | Pataballa |   4800 | 2022-11-18 |
| 107 | Lorentz   |   4200 | 2022-11-18 |
| 204 | Baer      |  10000 | 2022-11-18 |
+-----+-----------+--------+------------+
7 rows in set
*/
```





## 删除数据

- 数据结构

```sql
DELETE FROM ... WHERE ...
```

```sql
DELETE FROM emp1
WHERE id = 103;
```



注意：

- DML操作默认情况下， 执行完后都会**自动**提交数据，如果希望执行完后不自动提交数据， 则需要使用**SET autocommit = FALSE**





## MySQL8新特性

- **计算列**
  - 是某一列的值是通过别的列计算得来的。
  - 例如，a列值为1、b列值为2，c列 不需要手动插入，定义a+b的结果为c的值，那么c就是计算列，是通过别的列计算得来的。
  - 数据结构：**GENERATED ALWAYS AS ... VIRTUAL**
  - CREATE TABLE 和 ALTER TABLE 中都支持增加计算列。

```sql
#定义数据表tb1，然后定义字段id、字段a、字段b和字段c，其中字段c为计算列，用于计算a+b的值。

#创建表
CREATE TABLE tb1 (
	id INT,
	a INT,
	b INT,
	c INT GENERATED ALWAYS AS (a + b) VIRTUAL #c = a + b
);

#插入a,b数据
INSERT INTO tb1(a,b)
VALUES (10,20);

SELECT * FROM tb1;
/*
+------+----+----+----+
| id   | a  | b  | c  |
+------+----+----+----+
| NULL | 10 | 20 | 30 |
+------+----+----+----+
*/

#更新a的值
UPDATE tb1
SET a = 30
WHERE
	a = 10;
	
SELECT * FROM tb1;
/*
+------+----+----+----+
| id   | a  | b  | c  |
+------+----+----+----+
| NULL | 30 | 20 | 50 |
+------+----+----+----+
*/
```

