# 数据类型



## MySQL中的数据类型

| 类型             | 含                                                           |
| ---------------- | ------------------------------------------------------------ |
| 整数类型         | TINYINT、SMALLINT、MEDIUMINT、**INT(或INTEGER)**、BIGINT     |
| 浮点类型         | FLOAT、DOUBLE                                                |
| 定点数类型       | **DECIMAL**                                                  |
| 位类型           | BIT                                                          |
| 日期时间类型     | YEAR、TIME、**DATE**、DATETIME、TIMESTAM                     |
| 文本字符串类型   | CHAR、**VARCHAR**、TINYTEXT、TEXT、MEDIUMTEXT、LONGTEXT      |
| 枚举类型         | ENUM                                                         |
| 集合类型         | SET                                                          |
| 二进制字符串类型 | BINARY、VARBINARY、TINYBLOB、BLOB、MEDIUMBLOB、LONGBLOB      |
| JSON类型         | JSON对象、JSON数组                                           |
| 空间数据类型     | 单值：GEOMETRY、POINT、LINESTRING、POLYGON； 集合：MULTIPOINT、MULTILINESTRING、MULTIPOLYGON、 GEOMETRYCOLLECTION |

其中，常用的几类类型介绍如下：

| 数据类型      | 描述                                                         |
| ------------- | ------------------------------------------------------------ |
| INT           | 从-2^31到2^31-1的整型数据。存储大小为 4个字节                |
| CHAR(size)    | 定长字符数据。若未指定，默认为1个字符，最大长度255           |
| VARCHAR(size) | 可变长字符数据，根据字符串实际长度保存，**必须指定长度**     |
| FLOAT(M,D)    | 单精度，占用4个字节，M=整数位+小数位，D=小数位。 D<=M<=255,0<=D<=30， 默认M+D<=6 |
| DOUBLE(M,D)   | 双精度，占用8个字节，D<=M<=255,0<=D<=30，默认M+D<=15         |
| DECIMAL(M,D)  | 高精度小数，占用M+2个字节，D<=M<=65，0<=D<=30，最大取值范围与DOUBLE 相同。 |
| DATE          | 日期型数据，格式'YYYY-MM-DD'                                 |
| BLOB          | 二进制形式的长文本数据，最大可达4G                           |
| TEXT          | 长文本数据，最大可达4G                                       |



## 整数类型



### 1. 整数类型种类

一共有 5 种，包括 TINYINT、SMALLINT、MEDIUMINT、INT（INTEGER）和 BIGINT。

| 整数类型     | 字节 | 有符号数取值范围                         | 无符号数取值范围       |
| ------------ | ---- | ---------------------------------------- | ---------------------- |
| TINYINT      | 1    | -128~127                                 | 0~255                  |
| SMALLINT     | 2    | -32768~32767                             | 0~65535                |
| MEDIUMINT    | 3    | -8388608~8388607                         | 0~16777215             |
| INT、INTEGER | 4    | -2147483648~2147483647                   | 0~4294967295           |
| BIGINT       | 8    | -9223372036854775808~9223372036854775807 | 0~18446744073709551615 |



### 2. 可选属性

- 整数类型的可选属性有三个：**M**	\	**UNSIGNED** 	\	**ZEROFILL**

#### 2.1	M

- 表示**显示宽度**，M的取值范围是(0, 255)。例如，**int(5)**：当数据宽度小于5位的时候在数字前面需要用 字符填满宽度。该项功能需要配合“ **ZEROFILL** ”使用，表示用“0”填满宽度，否则指定显示宽度无效。
- 显示宽度与类型可以存储的值范围无关
- 从MySQL 8.0.17开始，**整数数据类型不推荐使用显示宽度属性。**

```SQL
CREATE TABLE test_int2(
	f1 INT(5) ZEROFILL
);
```

#### 2.2	UNSIGNED 

- **无符号类型**（非负），所有的整数类型都有一个可选的属性UNSIGNED（无符号属性），无 符号整数类型的最小取值为0。所以，如果需要在MySQL数据库中保存非负整数值时，可以将整数类型设 置为无符号类型。

#### 2.3	ZEROFILL

- 0填充，（如果某列是ZEROFILL，那么MySQL会自动为当前列填充UNSIGNED属性，如果指定了ZEROFILL只是表示不够M位时，在左边填充，如果超过M位只要不超过数据范围即可。
- **int(M)必须和UNSIGNED ZEROFILL一起使用才有意义**

```sql
CREATE TABLE test_int2 (
	f1 INT,
	f2 INT (5),
	f3 INT (5) ZEROFILL
) DESC test_int2;

INSERT INTO test_int2 (f1, f2, f3)
VALUES
	(1, 123, 123);

INSERT INTO test_int2 (f1, f2)
VALUES
	(123456, 123456);

INSERT INTO test_int2 (f1, f2, f3)
VALUES
	(123456, 123456, 123456);

SELECT
	*
FROM
	test_int2;
/*
+--------+--------+--------+
| f1 | f2 | f3 |
+--------+--------+--------+
| 1 | 123 | 00123 |
| 123456 | 123456 | NULL |
| 123456 | 123456 | 123456 |
+--------+--------+--------+
3 rows in set (0.00 sec)

*/
```







## 浮点型

- FLOAT
- DOUBLE

- 数据精度： MySQL中**非标准语法**，**FLOAT(M,D)** 或 **DOUBLE(M,D)**， M（精度） = 整数位+小数位， D（标度） = 小数位， D<=M<=255，0<=D<=30。
- FLOAT和DOUBLE类型在不指定(M,D)时，默认会按照实际的精度（由实际的硬件和操作系统决定） 来显示。
- 浮点类型，也可以加 **UNSIGNED** ，但是不会改变数据范围，例如：FLOAT(3,2) UNSIGNED仍然 只能表示0-9.99的范围。
- 不管是否显式设置了精度(M,D)，这里MySQL的处理方案如下：
  - 如果存储时，整数部分超出了范围，MySQL就会报错，不允许存这样的值
  - 如果存储时，小数点部分若超出范围，就分以下情况：
    - 若四舍五入后，整数部分没有超出范围，则只警告，但能成功操作并四舍五入删除多余 的小数位后保存。例如在FLOAT(5,2)列内插入999.009，近似结果是999.01。
    - 若四舍五入后，整数部分超出范围，则MySQL报错，并拒绝处理。如FLOAT(5,2)列内插入 999.995和-999.995都会报错。
- **从MySQL 8.0.17开始，FLOAT(M,D) 和DOUBLE(M,D)用法在官方文档中已经明确不推荐使用，将来可能被移除。另外，关于浮点型FLOAT和DOUBLE的UNSIGNED也不推荐使用了，将来也可能被移除。**
- 在编程中，如果用到浮点数，要特别注意误差问题，因为浮点数是不准确的，所以**我们要避免使用“=”来 判断两个数是否相等。**同时，在一些对精确度要求较高的项目中，千万不要使用浮点数，不然会导致结 果错误，甚至是造成不可挽回的损失。那么，MySQL 有没有精准的数据类型呢？当然有，这就是**定点数 类型： DECIMAL(M,D) 。**



## 位类型

- BIT(M), 范围1 <= M <= 64, 占用空间约为(M + 7)/8个字节
- 使用SELECT命令查询位字段时，可以用 BIN() 或 HEX() 函数进行读取。
- BIT类型，如果没有指定(M)，默认是1位。这个1位，表示只能存1位的二进制值。这里(M)是表示二进制的 位数，位数最小值为1，最大值为64。



## 日期与时间类型

- **YEAR** 类型通常用来表示年 

- **DATE** 类型通常用来表示年、月、日 TIME 类型通常用来表示时、分、秒 

- **DATETIME** 类型通常用来表示年、月、日、时、分、秒 

- **TIMESTAMP** 类型通常用来表示带时区的年、月、日、时、分、秒

  | 类型      | 名称      | 字 节 | 日期格式            | 最小值                  | 最大值                 |
  | --------- | --------- | ----- | ------------------- | ----------------------- | ---------------------- |
  | YEAR      | 年        | 1     | YYYY或YY            | 1901                    | 2155                   |
  | TIME      | 时间      | 3     | HH:MM:SS            | -838:59:59              | -838:59:59             |
  | DATE      | 日期      | 3     | YYYY-MM-DD          | 1000-01-01              | 9999-12-03             |
  | DATETIME  | 日期 时间 | 8     | YYYY-MM-DD HH:MM:SS | 1000-01-01 00:00:00     | 9999-12-31 23:59:59    |
  | TIMESTAMP | 日期 时间 | 4     | YYYY-MM-DD HH:MM:SS | 1970-01-01 00:00:00 UTC | 2038-01-19 03:14:07UTC |

### **1. YEAR类型**

- 以4位字符串或数字格式表示YEAR类型，其格式为YYYY，最小值为1901，最大值为2155。
- 以2位字符串格式表示YEAR类型，最小值为00，最大值为99。
  - 当取值为01到69时，表示2001到2069；
  - 当取值为70到99时，表示1970到1999；
  - 当取值整数的0或00添加的话，那么是0000年；
  - 当取值是日期/字符串的'0'添加的话，是2000年。
- 从MySQL5.5.27开始，**2位格式的YEAR已经不推荐使用**。YEAR默认格式就是“YYYY”，没必要写成YEAR(4)， 从MySQL 8.0.19开始，不推荐使用指定显示宽度的YEAR(4)数据类型。

### 2. DATE类型

- 以 **YYYY-MM-DD** 格式或者 YYYYMMDD 格式表示的字符串日期，其最小取值为1000-01-01，最大取值为 9999-12-03。YYYYMMDD格式会被转化为YYYY-MM-DD格式。
- 以 YY-MM-DD 格式或者 YYMMDD 格式表示的字符串日期，此格式中，年份为两位数值或字符串满足 YEAR类型的格式条件为：当年份取值为00到69时，会被转化为2000到2069；当年份取值为70到99 时，会被转化为1970到1999。
- 使用 **CURRENT_DATE()** 或者 **NOW()** 函数，会插入当前**系统**的日期。

### 3. TIME类型

- 可以使用带有冒号的 字符串，比如**' D HH:MM:SS' 、' HH:MM:SS '、' HH:MM '、' D HH:MM '、' D HH '或' SS '格式**，都能被正 确地插入TIME类型的字段中。其中D表示天，其最小值为0，最大值为34。如果使用带有D格式的字符串 插入TIME类型的字段时，D会被转化为小时，计算格式为D*24+HH。当使用带有冒号并且不带D的字符串 表示时间时，表示当天的时间，比如12:10表示12:10:00，而不是00:12:10。
- 可以使用不带有冒号的 字符串或者数字，格式为' HHMMSS '或者 HHMMSS 。如果插入一个不合法的字符串或者数字，MySQL在存 储数据时，会将其自动转化为00:00:00进行存储。比如1210，MySQL会将最右边的两位解析成秒，表示 00:12:10，而不是12:10:00。 （3）使用 CURRENT_TIME() 或者 NOW() ，会插入当前系统的时间。

### 4. TIMESTAMP类型

- TIMESTAMP类型也可以表示日期时间，其显示格式与DATETIME类型相同，都是 YYYY-MM-DD HH:MM:SS ，需要4个字节的存储空间。但是TIMESTAMP存储的时间范围比DATETIME要小很多，只能存储 “1970-01-01 00:00:01 UTC”到“2038-01-19 03:14:07 UTC”之间的时间。其中，UTC表示世界统一时间，也叫 作世界标准时间。
- **存储数据的时候需要对当前时间所在的时区进行转换，查询数据的时候再将时间转换回当前的时 区。因此，使用TIMESTAMP存储的同一个时间值，在不同的时区查询时会显示不同的时间。**



## 文本字符串类型

- **注意：该节字符串字符个数其长度根据不同字符集，长度不同**
- 文本字符串总体上分为 CHAR 、 VARCHAR 、 TINYTEXT 、 TEXT 、 MEDIUMTEXT 、 LONGTEXT 、 ENUM 、 SET 等类型。

| 字符串(文本)类型 | 特点     | 长度 | 长度范围        | 占用的存储空间        |
| ---------------- | -------- | ---- | --------------- | --------------------- |
| CHAR(M)          | 固定长度 | M    | 0 <= M <= 255   | M个字节               |
| VARCHAR(M)       | 可变长度 | M    | 0 <= M <= 65535 | (实际长度 + 1) 个字节 |

### 1. CHAR类型

- CHAR(M) 类型一般需要预先定义字符串长度。如果不指定(M)，则表示长度默认是1个**字符**。
- 如果保存时，数据的实际长度比CHAR类型声明的长度小，则会在 右侧填充 空格以达到指定的长 度。当MySQL检索CHAR类型的数据时，CHAR类型的字段会去除尾部的空格。
- 定义CHAR类型字段时，声明的字段长度即为CHAR类型字段所占的存储空间的字节数。

### 2. VARCHAR类型

- VARCHAR(M) 定义时， 必须指定 长度M，否则报错。
- MySQL4.0版本以下，varchar(20)：指的是20字节，如果存放UTF8汉字时，只能存6个（每个汉字3字 节） ；MySQL5.0版本以上，varchar(20)：指的是20字符。
- 检索VARCHAR类型的字段数据时，会保留数据尾部的空格。VARCHAR类型的字段所占用的存储空间 为字符串实际长度加1个字节。

### 3. 使用情况推荐

| 类型       | 特点     | 空间上       | 时间上 | 适用场景             |
| ---------- | -------- | ------------ | ------ | -------------------- |
| CHAR(M)    | 固定长度 | 浪费存储空间 | 效率高 | 存储不大，速度要求高 |
| VARCHAR(M) | 可变长度 | 节省存储空间 | 效率低 | 非CHAR的情况         |



## TEXT类型

| 文本字符串类型 | 特点                | 长度 | 长度范围                          | 占用的存储空间 |
| -------------- | ------------------- | ---- | --------------------------------- | -------------- |
| TINYTEXT       | 小文本、可变长度    | L    | 0 <= L <= 255                     | L + 2 个字节   |
| TEXT           | TEXT                | L    | 0 <= L <= 65535                   | L + 2 个字节   |
| MEDIUMTEXT     | 中等文本、可变 长度 | L    | 0 <= L <= 16777215                | L + 3 个字节   |
| LONGTEXT       | 大文本、可变长 度   | L    | 0 <= L<= 4294967295（相当于 4GB） | L + 4 个字节   |

- 由于实际存储的长度不确定，MySQL 不允许 TEXT 类型的字段做主键。遇到这种情况，你只能采用 CHAR(M)，或者 VARCHAR(M)。



## ENUM类型

- ENUM类型也叫作枚举类型，ENUM类型的取值范围需要在定义字段时进行指定。设置字段值时，ENUM 类型只允许从成员中选取单个值，不能一次选取多个值。

| 文本字符串类型 | 长度 | 长度范围        | 占用的存储空间 |
| -------------- | ---- | --------------- | -------------- |
| ENUM           | L    | 1 <= L <= 65535 | 1或2个字节     |

- 当ENUM类型包含1～255个成员时，需要1个字节的存储空间；
- 当ENUM类型包含256～65535个成员时，需要2个字节的存储空间。 
- ENUM类型的成员个数的上限为65535个。

```sql
CREATE TABLE test_enum(
season ENUM('春','夏','秋','冬','unknow')
);

INSERT INTO test_enum
VALUES('春'),('秋');

# 忽略大小写
INSERT INTO test_enum
VALUES('UNKNOW');

# 允许按照角标的方式获取指定索引位置的枚举值
INSERT INTO test_enum
VALUES('1'),(3);

# Data truncated for column 'season' at row 1
INSERT INTO test_enum
VALUES('ab');

# 当ENUM类型的字段没有声明为NOT NULL时，插入NULL也是有效的
INSERT INTO test_enum
VALUES(NULL);
```



## SET类型

- SET表示一个字符串对象，可以包含0个或多个成员，但成员个数的上限为 64 。设置字段值时，可以取 取值范围内的 0 个或多个值。

- SET类型在存储数据时成员个数越多，其占用的存储空间越大。注意：SET类型在选取成员时，**可以一次选择多个成员**，这一点与ENUM类型不同。

| 成员个数范围（L表示实际成员个数） | 占用的存储空间 |
| --------------------------------- | -------------- |
| 1 <= L <= 8                       | 1个字节        |
| 9 <= L <= 16                      | 2个字节        |
| 17 <= L <= 24                     | 3个字节        |
| 25 <= L <= 32                     | 4个字节        |
| 33 <= L <= 64                     | 8个字节        |

```sql
CREATE TABLE test_set(
s SET ('A', 'B', 'C')
);

INSERT INTO test_set (s) VALUES ('A'), ('A,B');

#插入重复的SET类型成员时，MySQL会自动删除重复的成员
INSERT INTO test_set (s) VALUES ('A,B,C,A');

#向SET类型的字段插入SET成员中不存在的值时，MySQL会抛出错误。
INSERT INTO test_set (s) VALUES ('A,B,C,D');
SELECT *
FROM test_set;

```



## 二进制文本类型

### 1. BINARY与VARBINARY类型

- BINARY和VARBINARY类似于CHAR和VARCHAR，只是它们存储的是**二进制字符串**。
- BINARY (M)为固定长度的二进制字符串，M表示最多能存储的字节数，取值范围是0~255个字符。如果未指定(M)，表示只能存储 1个字节 。例如BINARY (8)，表示最多能存储8个字节，如果字段值不足(M)个字 节，将在右边填充'\0'以补齐指定长度。
- VARBINARY (M)为可变长度的二进制字符串，M表示最多能存储的字节数，总字节数不能超过行的字节长 度限制65535，另外还要考虑额外字节开销，VARBINARY类型的数据除了存储数据本身外，还需要1或2个 字节来存储数据的字节数。VARBINARY类型 必须指定(M) ，否则报错。

| 二进制字符串类型 | 特点     | 值的长度             | 占用空间  |
| ---------------- | -------- | -------------------- | --------- |
| BINARY(M)        | 固定长度 | M （0 <= M <= 255）  | M个字节   |
| VARBINARY(M)     | 可变长度 | M（0 <= M <= 65535） | M+1个字节 |

### 2. BLOB类型

- BLOB是一个 二进制大对象 ，**可以容纳可变数量的数据**。
- MySQL中的BLOB类型包括TINYBLOB、BLOB、MEDIUMBLOB和LONGBLOB 4种类型，它们可容纳值的最大 长度不同。可以存储一个二进制的大对象，比如 图片 、 音频 和 视频 等。 
- 需要注意的是，在实际工作中，往往不会在MySQL数据库中使用BLOB类型存储大对象数据，通常会将图 片、音频和视频文件存储到 服务器的磁盘上 ，并将图片、音频和视频的访问路径存储到MySQL中。

| 二进制字符串类型 | 值的长度 | 长度范围                          | 占用空间     |
| ---------------- | -------- | --------------------------------- | ------------ |
| TINYBLOB         | L        | 0 <= L <= 255                     | L + 1 个字节 |
| BLOB             | L        | 0 <= L <= 65535（相当于64KB）     | L + 2 个字节 |
| MEDIUMBLOB       | L        | 0 <= L <= 16777215 （相当于16MB） | L +3 个字节  |
| LONGBLOB         | L        | 0 <= L <= 4294967295（相当于4GB） | L + 4 个字节 |

### 3. TEXT和BLOB的使用注意事项： 

在使用text和blob字段类型时要注意以下几点，以便更好的发挥数据库的性能。 

- ① BLOB和TEXT值也会引起自己的一些问题，特别是执行了大量的删除或更新操作的时候。删除这种值 会在数据表中留下很大的" 空洞 "，以后填入这些"空洞"的记录可能长度不同。为了提高性能，建议定期 使用 OPTIMIZE TABLE 功能对这类表进行 碎片整理 。
-  ② 如果需要对大文本字段进行模糊查询，MySQL 提供了 前缀索引 。但是仍然要在不必要的时候避免检 索大型的BLOB或TEXT值。例如，SELECT * 查询就不是很好的想法，除非你能够确定作为约束条件的 WHERE子句只会找到所需要的数据行。否则，你可能毫无目的地在网络上传输大量的值。
-  ③ 把BLOB或TEXT列 分离到单独的表 中。在某些环境中，如果把这些数据列移动到第二张数据表中，可 以让你把原数据表中的数据列转换为固定长度的数据行格式，那么它就是有意义的。这会 减少主表中的 碎片 ，使你得到固定长度数据行的性能优势。它还使你在主数据表上运行 SELECT * 查询的时候不会通过 网络传输大量的BLOB或TEXT值。

 

## JSON类型

- **JSON 可以将 JavaScript 对象中表示的一组数据转换为字符串，然后就可以在网络或者程序之间轻松地传递这个字符串，并在需要的时候将它还原为各编程语言所支持的数据格式。**

  ```sql
  #创建
  CREATE TABLE test_json (js json);
  
  #插入
  INSERT INTO test_json (js)
  VALUES
  	(
  		'{"name":"songhk", "age":18, "address":{"province":"beijing",
  "city":"beijing"}}'
  	);
  
  #查询
  SELECT
  	js -> '$.name' AS NAME,
  	js -> '$.age' AS age,
  	js -> '$.address.province' AS province,
  	js -> '$.address.city' AS city ->
  FROM
  	test_json;
  
  /*
  +----------+------+-----------+-----------+
  | NAME | age | province | city |
  +----------+------+-----------+-----------+
  | "songhk" | 18 | "beijing" | "beijing" |
  +----------+------+-----------+-----------+
  */
  1 row in set (0.00 sec)
  ```

  

## 小结及选择建议

- 在定义数据类型时，如果确定是 整数 ，就用 INT ；
-  如果是 小数 ，一定用定点数类型 DECIMAL(M,D) ； 
- 如果是日期与时间，就用 DATETIME 。 
- 这样做的好处是，首先确保你的系统不会因为数据类型定义出错。不过，凡事都是有两面的，可靠性 好，并不意味着高效。比如，TEXT 虽然使用方便，但是效率不如 CHAR(M) 和 VARCHAR(M)。



**阿里巴巴《Java开发手册》之MySQL数据库：**

- 任何字段如果为非负数，必须是 UNSIGNED 
- **【 强制 】**小数类型为 DECIMAL，禁止使用 FLOAT 和 DOUBLE。 说明：在存储的时候，FLOAT 和 DOUBLE 都存在精度损失的问题，很可能在比较值的时候，得 到不正确的结果。如果存储的数据范围超过 DECIMAL 的范围，建议将数据拆成整数和小数并 分开存储。 
- **【 强制 】**如果存储的字符串长度几乎相等，使用 CHAR 定长字符串类型。 
- **【 强制 】**VARCHAR 是可变长字符串，不预先分配存储空间，长度不要超过 5000。如果存储长度大 于此值，定义字段类型为 TEXT，独立出来一张表，用主键来对应，避免影响其它字段索引效率